hairpin,3nt,4nt,5nt,6nt,7nt,8nt,9nt
AANAU,6.2,5.3,5.3,5.1,5.6,5.3,6.1
AANUU,6.2,5.3,5.3,NA,NA,NA,NA
AANGU,6.2,5.3,5.3,5.1,5.6,5.3,6.1
AANCU,6.2,5.1,5.1,4.9,5.4,5.1,5.9
AUNAU,6.2,5.3,NA,NA,NA,NA,NA
AUNUU,6.2,4.5,4.5,4.3,4.8,4.5,5.3
AUNGU,6.2,5,NA,NA,NA,NA,NA
AUNCU,6.2,5.3,5.3,5.1,5.6,5.3,6.1
AGNAU,6.2,4.5*,4.5,4.3,4.8,4.5,5.3
AGAAAU,NA,2.5,NA,NA,NA,NA,NA
AGUAAU,NA,3,NA,NA,NA,NA,NA
AGUGAU,NA,3,NA,NA,NA,NA,NA
AGCAAU,NA,3,NA,NA,NA,NA,NA
AGNUU,6.2,5.8,NA,NA,NA,NA,NA
AGNGU,6.2,5.4,5.4,5.2,5.7,5.4,6.2
AGNCU,6.2,4.4,NA,NA,NA,NA,NA
ACNAU,6.2,5.5,5.5,5.3,5.8,5.5,6.3
ACNUU,6.2,5.4,5.4,5.2,5.7,5.4,6.2
ACNGU,6.2,4.1, NA,NA,NA,NA,NA
ACNCU,6.2,5.4,5.4,5.2,5.7,5.4,6.2
UANAA,6.2,5.1,5.1,4.9,5.4,5.1,5.9
UANUA,6.2,5.1,NA,NA,NA,NA,NA
UANGA,6.2,5,5,4.8,5.3,5,5.8
UANCA,6.2,5.3,5.3,5.1,5.6,5.3,6.1
UUNAA,6.2,5.3,5.3,NA,NA,NA,NA
UUNUA,6.2,4.8,4.8,4.6,5.1,4.8,5.6
UUNGA,6.2,5.1,NA,NA,NA,NA,NA
UUNCA,6.2,5.5,5.5,5.3,5.8,5.5,6.3
UGNAA,6.2,4.2*,4.2,4,4.5,4.2,5
UGAAAA,NA,2.7,NA,NA,NA,NA,NA
UGGAAA,NA,2.7,NA,NA,NA,NA,NA
UGNUA,6.2,5.4,NA,NA,NA,NA,NA
UGNGA,6.2,4.9,4.9,4.7,5.2,4.9,5.7
UGNCA,6.2,4.4,NA,NA,NA,NA,NA
UCNAA,6.2,5.4,5.4,5.2,5.7,5.4,6.2
UCNUA,6.2,5.6,5.6,5.4,5.9,5.6,6.4
UCNGA,6.2,4.4,NA,NA,NA,NA,NA
UCNCA,6.2,5.5,5.5,5.3,5.8,5.5,6.3
UANAG,6.2,5.1,5.1,4.9,5.4,5.1,5.9
UANUG,6.2,5.1,5.1,NA,NA,NA,NA
UANGG,6.2,5,5,4.8,5.3,5,5.8
UANCG,6.2,5.3,5.3,5.1,5.6,5.3,6.1
UUNAG,6.2,5,5,NA,NA,NA,NA
UUNUG,6.2,4.8,4.8,4.6,5.1,4.8,5.6
UUNGG,6.2,5,5,NA,NA,NA,NA
UUNCG,6.2,5.5,5.5,5.3,5.8,5.5,6.3
UGNAG,6.2,4.8*,4.8,4.6,5.1,4.8,5.6
UGAAAG,NA,2.8,NA,NA,NA,NA,NA
UGAGAG,NA,2.3,NA,NA,NA,NA,NA
UGNUG,6.2,4.9,4.9,4.7,5.2,4.9,5.7
UGNGG,6.2,5.3,5.3,5.1,5.6,5.3,6.1
UGNCG,6.2,4.4,NA,NA,NA,NA,NA
UCNAG,6.2,5.4,5.4,5.2,5.7,5.4,6.2
UCNUG,6.2,5.6,5.6,5.4,5.9,5.6,6.4
UCNGG,6.2,3.9,3.9,NA,NA,NA,NA
UCNCG,6.2,5.5,5.5,5.3,5.8,5.5,6.3
GANAU,6.2,5.8,5.8,5.6,6.1,5.8,6.6
GANUU,6.2,5.3,NA,NA,NA,NA,NA
GANGU,6.2,5.3,5.3,5.1,5.6,5.3,6.1
GANCU,6.2,5.1,5.1,4.9,5.4,5.1,5.9
GUNAU,6.2,5.3,NA,NA,NA,NA,NA
GUNUU,6.2,4.5,4.5,4.3,4.8,4.5,5.3
GUNGU,6.2,5.2,5.2,5,5.5,5.2,6
GUNCU,6.2,5.3,5.3,5.1,5.6,5.3,6.1
GGNAU,6.2,4.7,4.7,4.5,5,4.7,5.5
GGNUU,6.2,5.6,5.6,NA,NA,NA,NA
GGNGU,6.2,5.3,5.3,5.1,5.6,5.3,6.1
GGNCU,6.2,4.5,NA,NA,NA,NA,NA
GCNAU,6.2,5.5,5.5,5.3,5.8,5.5,6.3
GCNUU,6.2,5.4,5.4,5.2,5.7,5.4,6.2
GCNGU,6.2,4.1,NA,NA,NA,NA,NA
GCNCU,6.2,5.4,5.4,5.2,5.7,5.4,6.2
GANAC,5.7,4.5,4.5,4.3,4.8,4.5,5.3
GANUC,5.7,3.5,3.5,NA,NA,NA,NA
GANGC,5.7,4.3,4.3,4.1,4.6,4.3,5.1
GANCC,5.7,4.1,4.1,3.9,4.4,4.1,4.9
GUNAC,5.7,3.7*,3.7,NA,NA,NA,NA
GUGAAC,,2.2,,,,,
GUNUC,5.7,4.1,4.1,3.9,4.4,4.1,4.9
GUNGC,5.7,3.4,3.4,NA,NA,NA,NA
GUNCC,5.7,4.6,4.6,4.4,4.9,4.6,5.4
GGNAC,5.7,3.2*,3.2,3,3.5,3.2,4
GGAAAC,NA,0.2,NA,NA,NA,NA,NA
GGAGAC,NA,0.2,NA,NA,NA,NA,NA
GGUGAC,NA,0.2,NA,NA,NA,NA,NA
GGGAAC,NA,1.7,NA,NA,NA,NA,NA
GGGGAC,NA,0.2,NA,NA,NA,NA,NA
GGCAAC,NA,0.7,NA,NA,NA,NA,NA
GGCGAC,NA,1.7,NA,NA,NA,NA,NA
GGNUC,5.7,4.4,4.4,4.2,NA,NA,NA
GGNGC,5.7,4.2*,4.2,4,4.5,4.2,5
GGAAGC,NA,2.7,NA,NA,NA,NA,NA
GGGAGC,NA,2.7,NA,NA,NA,NA,NA
GGNCC,5.7,2.7,NA,NA,NA,NA,NA
GCNAC,5.7,4.5,4.5,4.3,4.8,4.5,5.3
GCNUC,5.7,5.1,5.1,4.9,5.4,5.1,5.9
GCNGC,5.7,3.2,NA,NA,NA,NA,NA
GCNCC,5.7,4.9,4.9,4.7,5.2,4.9,5.7
CANAG,5.7,4.1,4.1,3.9,4.4,4.1,4.9
CANUG,5.7,3.8,3.8,NA,NA,NA,NA
CANGG,5.7,4.2,4.2,4,4.5,4.2,5
CANCG,5.7,4.1,4.1,3.9,4.4,4.1,4.9
CUNAG,5.7,3.9,3.9,NA,NA,NA,NA
CUNUG,5.7,3.6,3.6,3.4,3.9,3.6,4.4
CUNGG,5.7,3.8*,3.8,NA,NA,NA,NA
CUACGG,NA,1.3,NA,NA,NA,NA,NA
CUUCGG,NA,0.8,NA,NA,NA,NA,NA
CUNCG,5.7,4.2*,4.2,4,4.5,4.2,5
CUAACG,NA,2.2,NA,NA,NA,NA,NA
CGNAG,5.7,3.4*,3.4,3.2,3.7,3.4,4.2
CGAAAG,NA,0.4,NA,NA,NA,NA,NA
CGAGAG,NA,1.4,NA,NA,NA,NA,NA
CGUAAG,NA,1.4,NA,NA,NA,NA,NA
CGUGAG,NA,0.4,NA,NA,NA,NA,NA
CGGAAG,NA,0.4,NA,NA,NA,NA,NA
CGGGAG,NA,1.9,NA,NA,NA,NA,NA
CGCAAG,NA,0.4,NA,NA,NA,NA,NA
CGCGAG,NA,0.9,NA,NA,NA,NA,NA
CGNUG,5.7,4.5,4.5,4.3,NA,NA,NA
CGNGG,5.7,4*,4,3.8,4.3,4,4.8
CGAAGG,NA,1.5,NA,NA,NA,NA,NA
CGNCG,5.7,3.6,NA,NA,NA,NA,NA
CCNAG,5.7,4.6,4.6,4.4,4.9,4.6,5.4
CCNUG,5.7,4.8,4.8,4.6,5.1,4.8,5.6
CCNGG,5.7,2.7,NA,NA,NA,NA,NA
CCNCG,5.7,4.7,4.7,4.5,5,4.7,5.5